genename	GMPR2	KCTD9	LYRM7	RAVER2	RRP7BP	TM7SF3	score
1	AACSP1	0.2661023849924	0.0312888808622468	0.486421977648258	0.465276744178211	0.58988982613521	0.29016858080126	3.40439367911
2	ABCA4	0.836358663267159	-0.220997441893238	-0.717457562891294	-0.199218364198588	0.0703960952255304	-1.96587250584196	-3.36204268218
3	ABHD6	0.185540259966602	0.109034015271847	0.540539371489043	0.366843681952185	-0.207447003104902	0.619650010902796	-3.150284062
4	ABLIM3	0.0630077575269153	0.208541671046058	0.313387310136219	0.122005869285822	-0.178745265561189	0.609178849527424	3.76440679218
5	ACSL6	-0.359718176229656	0.0203988427285508	0.0284888813258591	0.0668286742832218	-0.375162924405959	0.279911312461523	3.41627732172
6	ADAM19	-0.0795905066827551	-0.22452998480663	-0.759474864241178	-0.770574569112394	0.0932766501715537	-0.627933292550905	3.41666214302
7	ADRA1B	0.289215617633459	0.0179140887013055	-0.0575328021476209	0.183483324140759	-0.2672217537999	-0.227001575241857	3.52663851504
8	ADRB2	0.33662343126427	-0.166207479401955	0.554338246729071	-0.00567458276634401	0.271496205800215	-0.13107347260231	3.04128299193
9	AFAP1L1	0.588557142576257	0.279388832345182	0.230592887417398	0.422800357485971	-0.108720437165596	0.0318529800259861	3.35143391904
10	AFF4	0.126280002914263	0.476386225313939	0.606011771262296	0.328042975929767	-0.164610542328357	0.53186577835559	3.40352028888
11	AHNAK2	-0.106817786030583	-0.221330793015355	-0.668897676701596	-0.450679832373391	0.146630035009139	-0.0971959139476036	-3.09739036177
12	ANGPTL5	-0.148883526951428	-0.130498781103723	-0.689561777846991	-0.565328720233255	-0.136973852873213	-0.591551459097291	-3.34879470074
13	ANKHD1	-0.247143548634128	-0.0823081164338204	0.129584936313595	-0.126991405084628	0.443388225544461	-0.139336640778195	4.19298658464
14	ANKRD22	-1.37263679049667	-0.624645357186209	-0.854363600978553	-1.62163185835188	0.238639731907649	-1.07355420651337	-3.32192809489
15	ANXA6	-0.130712368130182	-0.074913798766045	-0.0683831500665614	-0.118870953006947	-0.267833418615548	-0.0531377326976733	3.39074738415
16	AP3S1	-0.226016705525446	0.021886030625826	-0.0486307367554145	-0.22203322437364	-0.272927307428551	-0.0479395754415613	3.0720231328
17	APBB3	-0.232884957107622	-0.343604472941866	-0.239775747736428	-0.285520333980429	1.29746311343198	-0.530508908180263	3.65041539653
18	APPL1	0.292143069855567	0.290197332154565	0.387286513119637	0.41960615378283	-0.262375912520463	0.279642810695358	-3.5943173749
19	ARHGAP21	-0.0338300166883558	0.080009580850241	0.116069724519996	0.0359383266798077	0.00582886396240348	0.0796331699819115	-3.68843862067
20	ARHGAP26	0.0858283971956426	0.362018990562936	0.40425858031465	0.345915551305465	-0.0129619540141565	0.516112822429039	3.7343901372
21	ARHGAP5	0.677072674194653	0.223250083878039	0.447886606216706	0.489055801786807	-0.161481458516442	0.190419281653857	-3.92666994943
22	ARHGEF37	0.245541192224301	0.362524443517103	0.707979658907616	0.47600006727798	-0.141783334674881	0.761698125796521	3.5146450757
23	ARID1A	0.15569965798249	0.164736547303031	0.0864698982277685	0.136539665538062	0.00153039198635234	0.0874321925338697	-4.18102653996
24	ARL8B	0.0483377076450402	-0.212256115373702	0.0344029490302697	-0.198715180416148	-0.228307611478493	-0.290393097742473	-3.17955767077
25	ARPP21	0.876515225949354	0.541822882537298	0.202768791813379	1.4596951564054	0.381126447543209	1.63126520653964	-3.16829139733
26	ARSI	-0.664025151489213	-2.05942944583929	-2.65561621008582	-1.44694206021525	-0.240223794964449	-1.6132138521794	3.04153252839
27	ATG12	-0.104405556372059	0.0881637636030263	0.0769257798930134	-0.129863503175761	0.0707353726545085	-0.047577238297653	3.03941009145
28	ATG14	0.453439469323589	0.0741877000143848	0.109830178756498	0.298383395091394	0.351949142116859	-0.0514092406105605	-3.20633616786
29	ATG7	-0.0970306080119491	-0.114424848770299	-0.127571177913751	-0.322882991009616	-0.208252878135188	-0.177192802655341	-4.07103339114
30	ATM	0.160837072137514	0.319505847584048	0.315123718562515	0.374482608874966	0.373819722946821	0.43576153400048	-3.7924326227
31	ATOX1	-0.459856577643241	-0.661721925562747	-0.233903095062029	-0.898218691444233	-0.331866624919691	-0.383130902470564	3.1214904366
32	ATP10B	-0.230924795806637	-0.794052012905668	-0.15339268911213	-0.891880385519978	0.27396888118193	-0.841198851133036	3.15266549141
33	ATP6V0E1	-0.358053779789788	-0.374091385023142	-0.131131757308496	-0.69269983149868	-0.415945956643361	-0.426927666488403	3.16840392998
34	ATRIP	0.241127077031667	-0.0894895389247563	0.0116090856233628	-0.0270187331152583	0.640533209205145	-0.224279762088967	-3.49093973226
35	B4GALT7	-0.735175037853863	-0.722629158801671	-0.545380716213983	-0.937326668677895	-0.00523578819455077	-0.606157786916588	3.3916285389
36	BAP1	0.0413948535498712	-0.239609568363968	-0.0816000429556721	-0.139247441925572	0.121329597099	-0.343588229443568	-6.98860088994
37	BEND2	0.157343044345622	-0.602554737793	-0.610827911769829	-0.507791630581914	1.42614756767168	-0.617106392021546	-3.36224247653
38	BNIP1	-0.354285550761803	-0.340714524636803	-0.133666656618275	-0.508302242238656	-0.0137915915990614	-0.404246235602443	3.24201599288
39	BOD1	0.0606165187657901	0.141609689856406	0.28562203441353	0.0267990134448775	-0.0902624422245275	0.0959215824305809	3.47925257898
40	BPTF	0.216345678182829	0.305346317908625	0.25122615951414	0.361140024545208	0.0434735377141398	0.319339826195356	-3.19669931626
41	BRD8	-0.0977859502811046	0.0472322711135424	0.13720684106556	0.0763183982811622	0.411439565397555	0.059921364129591	3.78422558083
42	BRDT	-0.194454802440724	-0.863219040957096	-0.945089117304236	-0.741715523451709	1.45633365825054	-1.39321448781965	-3.34879470074
43	BTNL3	0.223117990158799	-0.0967273664824594	0.143666032819161	0.207099865804231	0.65984232970984	0.0169068995142999	3.00795942025
44	BTNL9	0.946851389300319	0.33329064999741	0.729792735772374	1.36176890824554	0.7235238920045	0.235483861602552	3.24092987144
45	C1QTNF2	-0.0858659524675136	-0.565718216349506	-0.601252944990137	-0.60107402288597	-0.114333351644016	-1.00715584198267	3.13733729302
46	C5orf15	-0.157072715395645	0.285646293672263	0.32368050510302	0.147240155017167	-0.251552656633657	0.506874764676622	3.1213724006
47	C5orf24	0.0722599169800862	0.283721289686265	0.487862006523094	0.294157750368028	-0.27559950179314	0.426069028844109	3.22651590463
48	C5orf46	-0.989843952901515	-0.858154323882898	-0.852381598250847	-0.92032709830945	-0.339771533827691	-1.19758042687628	3.35153455697
49	C5orf47	0.66416351902772	-0.344075533929021	0.381902759656765	0.0357672539384715	0.459718826274531	-0.511364417526789	3.22750326297
50	C5orf52	0.107847494243649	-0.783170318838894	-0.67260759957176	-0.53348432205893	0.508550822628727	-1.20010139379	3.37786038357
51	C5orf58	-0.398526123742703	-0.0332478047195239	-0.513962354123323	-0.566925697506922	1.17339982929524	-0.324858740841271	3.3117434012
52	C5orf63	-0.514354195699388	-0.212025659716392	-0.10103062117859	-0.431939416207309	0.433985943156428	-0.24423794186435	3.1665746944
53	C6orf58	-0.1414487887739	-0.160308207039934	-0.541312929500236	-0.24934495585872	-0.132864718825575	-0.329573027031128	-3.40116921394
54	CACNA1D	0.51087077499515	-0.335598383328212	0.375195633376619	0.0118674112234298	0.534700401933149	-0.295635898181732	-3.29691568429
55	CADPS	0.570310172075587	-0.26018813580731	-0.0569892538347071	0.15218583983158	0.671151210379543	-0.947160160145444	-3.61738397841
56	CAMK2A	-0.0209155944903493	-0.754496446153524	-0.988913724514331	-0.323277608050885	1.09070282455983	-0.967752201121265	3.0082147871
57	CAMLG	0.165958140608466	0.090330059293611	0.32149830253398	0.135464077708957	-0.298773859167092	0.0307658746372592	3.94245571102
58	CANX	-0.127855693896418	0.354086320365378	0.390631446868756	0.149921757179147	-0.431394146113862	0.57330692183524	4.30734012022
59	CATSPER3	-0.205389040630009	-0.0620235020483323	0.230122654860512	0.0517974699026864	0.457323600136004	-0.0477952602430994	3.68229141123
60	CBY3	0.173312458675244	0.0874630309223848	0.31682678984539	-0.0212414072075414	1.02188960329192	0.0219065828243248	3.04240556626
61	CCDC112	0.0558521485487126	0.132185519089977	0.128396253174197	0.113992483437567	-0.115401071599024	0.10747840212816	3.07177881526
62	CCDC174	-0.0782482369087103	-0.263688630518754	-0.166623934071932	-0.174438581918326	0.1216128842407	-0.440244790756357	-3.73442100821
63	CCDC51	-0.184302715556701	-0.284304708231826	-0.13104502424253	-0.273482031053792	-0.219024072296691	0.046560827434789	-3.36499681678
64	CCDC69	-0.0286706339416105	-0.120295768882614	-0.116998352546781	-0.232839536028979	-0.155108388290236	-0.171914432701472	3.10582558373
65	CCNG1	0.287837544126342	0.431595106095834	0.738824200600812	0.435518027345459	-0.435215816802518	0.532148359374286	3.65066078761
66	CCNJL	-0.236119072305798	-0.384912766046169	-0.0626967929404843	-0.510102576544541	0.0897978666004536	-0.612333074219893	3.12184448668
67	CD14	-0.562731058530735	-0.32649844377002	-0.591436525500905	-0.774254828361528	-0.382687987937749	-0.254499682497241	3.12160846295
68	CD74	-0.598400701583576	-0.355489985542295	-0.404351792571854	-0.663764799864227	-0.172846209658642	-0.254399038877126	3.50264172595
69	CDC23	0.0221382189595361	0.219250905464156	0.324475432038213	0.121177792906059	-0.10032438183327	0.246053381796127	3.87018771265
70	CDC25C	-0.975141309439846	-0.486452457181642	-0.793277235142201	-1.19794007383815	-0.0698609850454625	-0.734163270053464	3.25530883122
71	CDC42SE2	0.03318429702999	0.29294059937201	0.490814540434245	0.192199163460782	-0.194891443439071	0.43515994630324	3.63924693652
72	CDH18	-1.18976928293306	-1.36609124400305	-0.976827124236007	-1.61191449051959	1.60340953118817	-1.90004905864877	-3.32192809489
73	CDH2	-0.0801458275608979	0.360567164581053	0.290911543369783	0.257618784134367	-0.357021127115723	0.803516545113708	-3.17370702328
74	CDHR2	-0.130988155041419	0.165013554399021	0.458444224876865	0.126624409926497	-0.169696095879844	1.23476243398169	3.7143394309
75	CDK15	0.752443023140313	-0.029875876906338	0.28433966247056	0.586885544022565	0.082930789569761	0.163145322781074	-3.38837538435
76	CDKL3	-0.141433747959516	-0.0958413326956027	0.112514821669678	-0.0696064884207818	0.289201282381831	-0.133402988318512	3.66101091081
77	CDKN2AIPNL	-0.335622544653078	-0.209872661849973	0.0350329938033564	-0.447132327824818	-0.217789255729886	-0.25291557766842	3.46620647432
78	CDX1	-0.237859268984905	-0.511760024415735	-0.640377919617014	-0.682776854012945	0.0881294187118227	-1.06439263781116	3.10594489854
79	CEP120	0.251585606091945	0.351653939682839	0.44859518159537	0.36499430106511	-0.0305179661406986	0.311588523096766	3.60580396898
80	CEP135	0.0610134009285831	0.183494192860437	0.0517469468849252	0.121145792314472	0.339539080706869	0.0816257170765195	-3.40107197961
81	CHSY3	0.0349834442702879	-0.119332481481281	-0.384441423610128	-0.334525969264559	-0.467978764731905	-0.362647062701766	3.31060501691
82	CLEC3B	0.561147812966481	0.0292696399685958	0.258629581222866	0.268597067560952	-0.174259549567188	-0.189208359492471	-3.3648971136
83	CLINT1	0.0863261040274903	0.211439044940105	0.411565772473383	0.140891918263371	-0.17973059429921	0.28994884546316	3.80392289861
84	CLK4	0.028880409465658	0.0506577847003285	0.123541942317086	0.193927710944636	0.792289856963136	-0.0760680149083399	3.86152158203
85	CLTB	-0.509513824637622	-0.675027918052945	-0.503084038584746	-0.748733877720064	-0.0654962260847971	-0.634672136579907	3.5387982487
86	CNOT10	-0.0148772707062643	-0.10862891400048	-0.0882782552005681	-0.136690312428387	-0.0543714105495531	-0.214045159323957	-3.23853752214
87	CNOT6	-0.0111071911952209	0.207154420728345	0.169383692640841	0.124521014234629	-0.146086725878914	0.215828218175959	3.72463274224
88	CNOT8	0.13478525601739	0.19659971674257	0.179535740641868	0.0839000810005239	-0.219217675711863	0.0560458536498975	3.44155243258
89	COL11A1	-0.108897700693345	-0.865447690516722	-1.3738041118662	-1.54210454885723	-0.19523140214147	-1.53349210631595	-3.32192809489
90	COL23A1	0.0853928921627662	0.206823563485535	0.29487680952971	0.254495338296435	0.0847122678850355	0.448234247299334	3.55041804093
91	COL2A1	0.198214306344928	-0.822313643411878	-0.317060450719464	-0.422712771627596	0.746829473910309	-0.837709348009983	-3.34879470074
92	CPB2	-0.386978380641545	-0.585808718941878	-0.327395761941827	-0.924098118318483	0.0162559490495954	-0.28706184476155	-3.34899633809
93	CPEB4	0.194946210806051	0.184546465496837	0.674701021904257	0.318523594167596	-0.114464190018961	0.274006249645457	3.35223882598
94	CPLX2	-1.37160988540641	-0.374326245187257	0.213984870734147	-0.683477032185488	0.067594193810143	-1.73127052745964	3.16840392998
95	CR1	-0.225418361161564	-0.0358426310387811	-0.682578735300134	-0.83139812730024	-0.329648058409987	-0.183615306911056	-3.80332503553
96	CREBRF	0.137261761040063	0.265218306255975	0.455976807300785	0.271721837631047	-0.101115538720759	0.209645720957035	3.60723759854
97	CRELD1	-0.0855733891244008	-0.248787182219876	-0.19774835938264	-0.217197473841698	0.0788772281729655	-0.399175776688877	-3.4542976536
98	CRTAP	-0.089824072920155	-0.126429091584201	-0.0365333228119798	-0.0941786514016627	-0.30652901389298	-0.0596515663054422	-3.39108032809
99	CSMD3	-0.993019250713408	-0.729063232309874	-1.55745040071609	-2.21503087133297	0.229804029965519	-1.45842463600331	-3.86392756179
100	CSNK1A1	0.141175894306358	0.360177924899261	0.363411637392152	0.191419287612786	-0.220755691299532	0.37176418235479	3.77450035058
101	CSNK1G3	0.0284902868746983	0.126288465146052	0.237112888432147	0.0292369234755885	-0.212323241537132	0.0343518493972207	3.08890263267
102	CTNNA1	0.0532537735476953	0.160814131282569	0.241574332815124	0.132646500051347	-0.306010674614326	0.270526130014329	3.74431194948
103	CTXN3	0.684527370733165	1.31175473211666	2.7197490491126	2.05795454052029	-0.698142194061183	2.68444500774738	3.00732080529
104	CXXC5	-0.164916899673022	-0.205551010777869	0.121100728885144	-0.190575157068849	-0.151476171234957	-0.175407445326259	3.65033359023
105	CYFIP2	0.126087944966982	0.388337688088678	0.631844091109265	0.52215260670721	-0.110598053244574	0.452816273244307	3.269652408
106	CYSTM1	-0.303199018951648	-0.47284199955419	0.138921751422429	-0.601978580621624	-0.257602506396185	-0.40118530274828	3.02496983601
107	DAG1	-0.0937688107638308	-0.222402475978288	-0.100772083277614	-0.242500357590261	-0.306680647730491	-0.24053211242578	-3.11865490371
108	DBN1	-0.34319442298991	-0.627822937362718	-0.414155208818564	-0.816533781543326	-0.0839864839869108	-0.822788579534126	3.19836810797
109	DCP2	-0.025898698527057	0.140944983452152	0.141833820795663	0.0468692063946042	-0.0330546560277683	0.0832369215730442	3.10307861606
110	DCTN4	0.0386335797210245	0.212524592167537	0.333738062868244	0.0618637567438392	-0.275108614005885	0.229125930455956	4.24391474008
111	DDX41	-0.477827059203595	-0.239087840176344	-0.27237487078831	-0.458021044484421	-0.0842701442522603	-0.221600706016122	3.85223419398
112	DHX30	0.0352650825761901	-0.246709278668913	-0.125914323765836	-0.169824630406298	0.0627536578013582	-0.325444801969406	-3.03853523845
113	DIAPH1	0.0064141776986767	0.245835300339818	0.467190170619052	0.169022538254479	-0.138805873460576	0.439392404923343	3.95144739916
114	DIEXF	0.170872163116491	0.390574737316986	0.256030663424675	0.303353471542596	-0.194798800036515	0.35247504168173	-5.24319886281
115	DMXL1	0.0503900484496083	0.479104038850475	0.662736834527553	0.402146621728143	-0.188133614002698	0.621543222998523	3.48944056225
116	DNAH1	-0.321294916854505	-0.318611252566531	-0.467544957476135	-0.242445285083692	1.50124052551277	-0.383794064914424	-3.16459208188
117	DNAH7	-0.103854011964107	0.302339664515521	0.204518865354823	0.549348274247751	0.381907688207742	0.375739161905753	-3.66989245129
118	DNAH9	-0.876759982641469	-0.110367787811328	-0.289770540368485	-0.506552403896358	-0.172463224573153	-0.226161858113302	-3.32739613525
119	DNAJC18	0.406838685634373	0.33815674875227	0.394773934726226	0.481003564052889	-0.108888902700621	0.124147634731052	3.67177100221
121	DNTT	0.413088942958353	-1.64192362158628	1.45709121489533	-0.651985007897761	1.68107088648514	-1.82994669309069	-3.32192809489
122	DOCK3	-0.418990804236159	-1.02146222901519	-0.180001449954653	-1.38740424360642	1.1951901129241	-1.76883400666326	-3.36499681678
123	DOK3	-0.645618789136228	-0.529713696696813	-0.757199973508148	-0.855007671683192	0.252983969250303	-0.672240621103319	3.3916285389
124	DPH3	0.0524522991493066	-0.132616126477881	0.0562833519599812	-0.14513279003487	-0.374372484630983	-0.169434225406293	-3.08709058088
125	DPYSL3	-0.238998653638831	-0.253970817730042	-0.660509905302547	-0.893980116495476	-0.282305130379374	-0.709926470496661	3.13710379054
126	DRD1	0.417936760759383	-0.00452641207529435	-0.233624617821815	-0.275953739490597	-0.223675361436243	-0.442707435396781	3.44230861161
127	DUSP1	0.447401072097825	0.337285956868613	0.0608150558749678	0.301825666264305	-0.126135528769692	0.0857093154508637	3.6402358741
128	EBF1	0.345780000012564	0.0779095890680352	0.112774199989254	0.17049767167708	-0.158711664280131	-0.325578524770209	3.15266549141
129	ECSCR	0.513965791902235	-0.133152377841909	0.0224370071851162	0.102238246027188	-0.212339575215008	-0.426721699138468	3.21206732621
130	EFCAB9	0.112058813979909	-0.844071750180731	-0.475710705573766	-0.539963341929623	0.53083961885475	-1.04916549137015	3.00885300655
131	EFNA5	-1.0608706012701	-0.356223529735113	-1.02072244711822	-1.16367181331414	-0.225635624051785	-1.17604068978649	3.03740964736
132	EGR1	0.825132921506756	0.530117386686952	0.395305510935288	0.846530503055491	-0.162061947937017	0.485836675102237	3.57269008251
133	EIF4E1B	-0.211530351299316	-1.59907794315586	-1.34317270256584	-0.579257934101743	0.409056661278907	-0.915234030578607	3.13792088392
134	EIF4EBP3	-0.392098471876837	-0.239820450278571	-0.120966663125187	-0.460243194270309	-0.0475061674121309	-0.25935466866827	3.4037144213
135	EMC3	-0.125795657535508	-0.308375556395707	-0.0897003861772472	-0.336122526252276	-0.210556376822136	-0.384406745813255	-3.05494380283
136	EPB41L4A	0.362918159019617	0.569966116955401	0.835647097935296	0.66985895224099	-0.00243802506813667	0.84827205187282	3.50046503094
137	EPM2AIP1	0.204859271191817	-0.140976282719316	0.058710979804083	0.0602364013580385	0.258406408459213	-0.26820434918359	-3.26688045393
138	ERGIC1	-0.1465277263143	0.159536237674365	0.128513389005949	-0.118855318317605	-0.308704973464992	0.216582430724516	4.27973565883
139	EXD2	0.560199839319576	0.113130704408863	0.219496339128384	0.289225978740805	-0.0945660070806897	0.0806273068982972	-3.04837792166
140	F12	-0.669744613647096	-0.611927461725336	-0.638749150806997	-0.754861930357189	0.38409900532162	0.351109334231858	3.07507361611
141	FABP6	-1.41816668715964	-0.593769355455159	-0.606542397446086	-1.46371354402155	-0.307825583366823	-0.437360324724496	3.81374466775
142	FAF2	-0.0391943908073601	0.163900384973829	0.209422880923795	0.0871224113687816	-0.17198624075306	0.247145367947288	4.46913128064
143	FAM114A2	0.0820250452594182	0.157599261438976	0.306402083726497	0.108112992534483	-0.222807634539181	0.221718011184515	3.58117424023
144	FAM13B	0.131426768626148	0.253462171583624	0.447562504795944	0.313408747396335	0.0591859222615911	0.246405625150033	3.65025177929
145	FAM153A	0.0142060932407554	-0.117497828501313	0.295777029122781	0.251330170250965	1.66966702750906	-0.376598629285382	3.57338057371
146	FAM193B	-0.486162352988169	-0.593665400948165	-0.56374179288993	-0.457341336300954	1.58111098742906	-0.82501884376096	3.57346686188
147	FAM196B	1.09544116491043	0.974819493333275	1.64672203591693	1.70541776352792	-0.13082134518057	2.11313488010709	3.65082435848
148	FAM208A	0.0331808192817558	0.0830313068406535	0.0461094626253643	0.0625133628757109	-0.0544261316992283	0.00924169174302533	-3.33432446186
149	FAM53C	0.0964120074451207	0.078738001413715	0.259891979438462	0.0529195446559496	0.00729457349479339	0.0540601520262459	3.22662564448
150	FAM71B	-0.027701450584959	-0.385736638130482	-0.793732998224478	-0.47788864058541	0.628608938988782	-0.504099407951864	3.10606420349
151	FAXDC2	0.205081603097774	0.302677334389362	0.608829129023901	0.474721825821219	-0.0554262642730585	0.353790737392335	3.40361735836
152	FBXO38	0.106056052949749	0.212412559941811	0.296551223503954	0.180917136754163	-0.0170262134727225	0.201635502476851	3.77442528645
153	FBXW11	0.156837666036751	0.278511449583004	0.436803516814601	0.253279562489248	-0.196339630328715	0.37995883805158	3.61807014326
154	FEM1C	-0.0264942938906066	0.130419766561875	0.0302459468465239	-0.0654064595101426	-0.355543829645856	0.0962510558678033	3.53667546731
155	FGF1	0.66199351574434	-0.0624069692274267	0.183798314063712	-0.0452725652887484	-0.303142128418467	-0.10461463293071	3.04140776556
156	FGF18	-0.447013439245111	-0.725484822551934	-0.515118141013331	-0.329204162094764	-0.0968671468122878	-0.824720793582671	3.15312744948
157	FGFR4	-0.602203221693798	-0.0353374794566854	-0.169394772386932	-0.280750892612293	0.145263746609458	0.244030015427539	3.22761292775
158	FKBP9	-0.0308539225283026	0.0690278062785483	-0.114608793961747	-0.0723096401788947	-0.273653403844076	-0.0078887694229045	-3.7387678368
159	FLG	0.436930037431478	-0.925438822383579	0.339139398800429	-0.822781299929317	0.531378586030681	-0.132984527846885	-3.03123413883
160	FLT4	0.686853846931452	0.197894438445073	0.230544012454593	0.640267072831055	0.11302942459874	-0.0725932612992051	3.37855192091
161	FNDC9	-0.119478122020302	-0.107198179871773	0.019517495907454	-0.178578774581055	1.17036487605007	-0.245130239951955	3.45416644583
162	FNIP1	0.0681336919221137	0.304762832774451	0.47768390343674	0.180059322573256	0.0250757680012304	0.282741190520523	3.44145788233
163	FOXI1	1.79466528341853	-3.60726235048332	2.76486251437113	-4.1880213061935	1.40711898183025	-5.17957948050228	3.19803235024
164	GABRB2	1.28790509559088	0.783611946059975	1.03802325333486	1.23344018608341	0.0612017575260668	0.790494970769014	3.10630278378
165	GALNT10	-0.223776624072434	-0.275333778549273	-0.135731054229784	-0.486253030135597	-0.130519253262438	-0.222075311866294	3.07409816304
166	GAPVD1	0.157701781486028	0.228807321333979	0.210973317201374	0.216911273671744	-0.0459351926638852	0.2186402564301	-3.05128050494
167	GDF9	-0.482791925432975	-0.298983667772411	-0.113199734203543	-0.344314667229821	0.659178756976533	-0.347763696672571	3.39064944484
168	GEMIN5	0.122941296109014	0.31806332965351	0.304045026607769	0.275392140359549	-0.257123443336433	0.324837175711878	3.89780893254
169	GFPT2	-1.33059938461929	-0.643497886192542	-1.53685575600643	-1.95972945688943	-0.113892865211871	-1.11587864057503	3.60715330681
170	GLB1	-0.150568675908655	-0.514160663475372	-0.212227443099046	-0.568859828240595	-0.374376060270846	-0.370123903407185	-3.11877316225
171	GM2A	-0.179542361955258	-0.0581187867292528	-0.219541508779222	-0.308220423353554	-0.377738947712519	0.0157454385326121	3.4164697452
172	GNPDA1	-0.168016239282672	-0.132052599966923	0.0208001521717796	-0.221272820802504	-0.222199362032794	0.13857813665186	3.090109404
173	GORASP1	0.0987087767992029	-0.2192445610338	-0.0676794153760259	-0.123961272280135	0.156096645329844	-0.316241450306485	-3.00501944795
174	GPR151	-0.470734330318082	-0.700817641185918	-0.893475512110785	-0.490473885369051	1.23389993586479	-0.741290840089633	3.09023002563
175	GPRIN1	-0.773144562330727	-0.359189501437807	-0.4351931644021	-0.839967871049837	-0.308756990803202	-0.137350468890451	3.58472622321
176	GPX3	-0.424911022334476	-0.21732761669903	0.207831647995003	-0.466328093698039	-0.346494897096976	0.284218735366001	3.5612490045
177	GRIA1	0.214423495758114	-0.167531020169007	-0.129031262984956	-0.411121236984016	-0.113993578473667	-0.042993668870179	3.19736060024
178	GRK6	-0.305473836427037	-0.23575866084973	-0.312601275495244	-0.387740130684303	0.0166424105351835	-0.23963429173113	3.51536390732
179	GRPEL2	0.180675182807604	0.0495959785155992	0.232211691789028	0.0631038736717157	0.296427473800437	-0.141403939375081	3.32461687636
180	GRXCR2	-0.33337335226022	-0.232495012247194	0.191038291966452	-0.43419515172318	0.157324654171553	-0.674766013495578	3.33829084599
181	H2AFY	-0.325226268335828	-0.246644377519197	-0.187198816178165	-0.450636475780985	-0.135516477716819	-0.182787725085806	3.44145788233
182	HAND1	-1.33992117472473	-1.4073274698358	-2.77439786931655	-1.05899657278387	0.847625797066902	-0.748334908563421	3.10594489854
183	HARS	-0.128134905226929	-0.133041920177388	-0.0663262790084761	-0.156312284288122	-0.0756913103881634	-0.225305818418974	4.18555405921
184	HARS2	-0.171546068157857	-0.0465612226331206	0.0584718330844354	-0.135035759962237	0.173688621728163	-0.0333556185314394	3.74446524014
185	HBEGF	0.441076564351539	0.109826440204738	-0.076303970939715	0.136637656052216	-0.102318955221412	-0.220085657053281	3.15243445689
186	HDAC3	-0.0871776569315061	0.101154491521543	0.137917045781701	-0.0439264329851814	-0.0259027132320466	0.13765574325244	3.96018541547
187	HEMK1	-0.0290647780102036	-0.214256735889544	-0.0794231291145703	-0.209299934749126	0.670182835969858	-0.334471691544482	-3.39088448802
188	HIGD2A	-0.474420213975953	-0.677149167341769	-0.35216024269362	-0.735821151943222	-0.263639552418982	-0.730409377899056	3.25616917864
189	HINT1	-0.228187817565059	0.0247933054854385	0.179888624644502	-0.223362056676525	-0.346431585715607	0.168454997112579	3.35113196313
190	HK3	-0.588608459071318	-0.199257758115479	-0.755006539981894	-0.880669743035239	0.406741639152619	-0.524571470512665	3.35233940778
191	HMGXB3	-0.288288749177286	-0.172001976094209	-0.126896059263838	-0.28102802717838	0.24589573931642	-0.163525139239535	3.62865587237
192	HMHB1	0.0191339270253824	-0.616051012640712	-0.942027358294	-0.946937530976937	-0.248016546923696	-0.95720244197533	3.32482192113
193	HMMR	-0.72819780215233	-0.145768727105231	-0.712364787118455	-1.05689239592466	-0.0736984941086271	-0.456547498130983	3.24158164242
194	HNRNPA0	0.159633285351269	-0.0212424392498186	0.098690883261249	0.0108062574059821	-0.156467653613224	-0.0699820703377134	3.56116198245
195	HNRNPAB	-0.390183387809403	-0.34896188890052	-0.321099899428931	-0.480794119580897	-0.125829868904794	-0.20445575647042	3.83326192415
196	HNRNPH1	0.0885892524105425	0.0704574842248415	0.0557195980225967	0.0963887945599303	0.763805458417378	-0.0832311681402345	3.56194499199
197	HRH2	0.228167576434773	1.11210804893626	1.33393550584778	0.948820985625649	-0.364945882909691	1.73188875921331	3.69345043404
198	HSPA4	-0.20505827136041	-0.135623276573826	0.110363719610461	-0.238289640288493	-0.308848112708569	-0.0150870021113558	3.32461687636
199	HTR4	0.109758607367255	-0.477641806922687	0.139966049524217	-0.937971765805838	0.547970396693498	-0.813805424850379	3.21206732621
200	IGIP	0.165161242333198	0.0887056956935244	0.347493907777138	0.172442432677155	-0.0662562889056896	0.105281084483719	3.71379151752
201	IK	-0.0226963517909124	-0.0104238636643533	0.0951970012182692	-0.0316107875245086	-0.0746464475995947	-0.0163515160157616	4.26527882362
202	IL13	-0.203306153457067	-0.465590426618985	-0.331012835230832	-0.210766137888111	1.57586813365272	-0.806686071937504	3.35123262212
203	IL3	-0.568212457535475	-0.455897526530913	-0.327559286424907	-0.795077109125804	0.574503715451901	-0.289402867964868	3.33788453886
204	IL4	-0.606245139883973	-0.725604011922365	-0.854258416738355	-0.791100546548857	1.34832366790336	-0.998994824198053	3.2832218346
205	IL5	-0.284157578647185	-0.139170431636326	0.331900876524946	0.000897954034721336	0.975671461639779	0.0840157785447088	3.35123262212
206	IL9	0.587988965848214	0.347596248800032	1.17901494321795	1.54485990135312	1.27285291890389	0.858035343033297	3.24092987144
207	IP6K2	-0.0808002546446524	-0.385515066113124	-0.276114202534802	-0.325039305784378	0.341198582654438	-0.552792643831563	-3.53839162415
208	IRF1	-0.36879470647274	-0.104706593304877	-0.179016438566143	-0.255909463137991	0.132519183965836	-0.0354540047875575	3.35123262212
209	IRGM	-0.507208894873495	-0.442876233089221	-0.662638677687965	-0.77655526699389	0.598322034073501	-0.845294653933052	3.31101907877
210	ISOC1	-0.00941884551913576	0.0984012842768744	0.42705489989581	0.0380056447645015	-0.278454713268628	0.353820113113129	3.1516255446
211	ITIH4	-1.39832116531386	-1.48327765746394	-0.938855177530174	-1.62975528535218	0.246875862218189	-0.523602232210156	-3.32465788764
212	ITK	-0.365020886519306	-0.03579457979581	-0.489748245137798	-0.45756347141953	0.221082681453842	-0.153682887913258	3.33829084599
213	ITPR1	0.118928234543249	0.144882041900335	0.338923030078587	-0.0119037481928475	-0.00751805883156537	-0.339597290881283	-3.35157481018
214	ITSN2	0.083109944636191	0.251346467871614	0.30288824616084	0.290221720999146	0.0160245961621907	0.291675308395772	-3.97185703565
215	JADE2	0.0711036377008939	0.235917764896797	0.422968743702185	0.246209092208261	0.0340047211829055	0.330182323167637	3.98589185811
216	JAKMIP2	-0.579678878283568	-0.526984375435639	-0.0431642583783221	-0.647692913024847	0.0902706589901177	-0.289928880482423	3.36475751757
217	KCNIP1	1.10864610283446	-1.41951620534009	-0.157896933899486	0.264751792374996	-0.235794721681495	-2.80732617664492	3.24179883399
218	KCNMB1	-0.306826000281673	-0.527228481399298	-0.792134002832458	-0.777705578155104	-0.0642927590262723	-0.776882459409364	3.22739358985
219	KCTD16	0.194257177212012	0.282845466077975	0.939313220704276	0.823718418792662	-0.104563211093034	0.98436981769883	3.47869982226
220	KDM3B	0.122456770444161	0.317881662810532	0.391043587286923	0.291145202703192	-0.0798292766937396	0.355108621922968	3.86788285308
221	KDM5C	-0.0201937649603874	-0.0727848474911532	-0.121841071059393	-0.0218500255604467	0.262857139219924	-0.0990165207248223	-5.0804272554
222	KIAA0141	0.0482709437121555	0.0219675617001888	0.183731876254664	0.0203991766173061	0.0442777857048039	-0.0108607049336048	3.52646023947
223	KIAA1191	-0.0573083352958357	0.144425472720796	0.345470163497283	-0.0400924272056676	-0.347038664945469	0.100210714302993	3.25616917864
224	KIF15	-0.589328310533692	-0.176570484069454	-0.620935837715254	-0.915637761252658	0.227017981739084	-0.492071395721469	-3.36499681678
225	KIF1A	-0.200354711251456	-1.58334821720508	-1.44094557894879	-0.871332692309272	-0.39709043523489	-0.741835420317051	-3.27241227632
226	KIF20A	-0.922373735728689	-0.529244378719943	-1.0231184574114	-1.21925883224659	-0.0455034475263212	-0.861559890434877	3.1972486115
227	KIF27	0.117505604243861	0.245185434303476	0.18333636421574	0.312937173820853	0.227737243426154	0.204823441651521	-3.36584521142
228	KIF4B	0.145488076050124	-0.0886726189343371	-0.433786741856876	-0.642596173700847	-0.372729473853069	-0.484408990664842	3.29729189776
229	KLHL18	0.0628675897564185	-0.126439961121311	-0.0167690499692233	-0.109296556873854	0.00183216058555897	-0.126739769742589	-3.2528324706
230	KLHL3	0.649775307164006	-1.02187422405774	0.45040824667521	-0.706972007773854	1.04841555391733	-1.61012511544388	3.10570625905
231	KMT2C	0.134187038693682	0.236304584854006	0.283683247461486	0.222950941213291	0.15832381863205	0.177683826284534	-3.86890193059
232	KMT2D	0.0615644525155403	0.063106960562662	0.0640106310595854	0.126457698137981	0.399089866091677	0.044388092050118	-3.41447383643
233	LARS	-0.0340343646540685	0.194209988384819	0.333392239475771	0.0565480400124179	-0.111932374659923	0.192808515514787	4.05302668202
234	LCP2	-0.263503587876723	-0.0683533751342206	-0.352727079956123	-0.406096571308285	-0.0309939909536807	-0.151598548151486	3.29802314323
235	LEAP2	-0.800709024025201	-0.0853398526573535	0.709370319134148	-0.68607817063793	0.299415155949086	0.587131653941489	3.39064944484
236	LINC00847	0.0189381778331484	-0.0348181280107693	0.057288863746037	-0.0887449485946597	0.0181810166700294	-0.153818402529802	3.28427659049
237	LMAN2	-0.44751934518462	-0.280086475343533	-0.16801355042389	-0.510402295436006	-0.173761500012063	-0.197635359854077	3.92545219063
238	LMNB1	-0.487762542883133	-0.148471984031904	-0.509590388305837	-0.628845158487772	-0.0713758165454092	-0.285835513378151	3.04040927427
239	LOX	-0.568714698854012	0.264467013723266	-0.818622928031788	-0.459610915422033	-0.847570656831345	-0.168469403541589	3.04015954343
240	LRRTM2	1.13156192623286	0.560052405137236	0.610810610925984	0.8893082507453	0.00943423561514656	0.300361015536299	3.33808770673
241	LSM11	0.20508381080393	0.220565808406683	0.145813776816323	0.18625047732809	-0.0445367203874129	0.0401704597487445	3.5146450757
242	LTC4S	-0.182795637151333	-0.319668259507785	-0.199205021478419	-0.0867212373271177	0.409693091881773	-0.394519940842225	3.40439367911
243	LYRM7	0.0789098688109056	0.298750300881199	0.7820805635941	0.226321052947693	-0.151366455798347	0.28409211757591	3.19702460792
244	MAML1	0.107504591360985	0.109521779348627	0.111318308591816	0.144901268369777	0.124750663304004	0.0660215718944027	3.47925257898
245	MAPK9	-0.111761287187625	0.141408373485863	0.240709090472857	0.0383471626509158	-0.214087274633813	0.249617207761681	4.17097237474
246	MAT2B	0.102354652420744	0.245491007261567	0.448475785399065	0.166782897283932	-0.242929169189258	0.342412636448424	3.81389075606
247	MCM3AP	0.172059351764657	0.199849883333938	0.163017641494169	0.223100269310994	0.117911688766809	0.28070071317011	-3.27380972452
248	MCPH1	0.135754495290476	0.270843718122265	0.240602160017393	0.0990052686031115	-0.0419379849628545	-0.0579914891338949	-3.42311737974
249	MDN1	0.152790508580008	0.234771090452528	0.164029503711226	0.279700988855389	0.19064024177716	0.201288566912175	-3.09239563833
250	MED7	-0.0683986423501152	-0.0671267623397142	0.215540766148303	-0.103137424891708	-0.0775779450463175	-0.0452373572922228	3.33829084599
251	MEGF10	-0.105313078217876	-0.616248671341196	-0.102631741275733	-0.634283755712985	-0.594692122337251	-0.593956318742686	3.02408617975
252	METTL4	0.290391499203276	0.174318364574636	0.207835844849564	0.158962571964572	0.093648531230431	0.0344719694050437	-3.39106779512
253	METTL6	0.0125221328637064	-0.145273567319644	-0.144477531989701	-0.213353790948543	0.0596033379791982	-0.324371989843863	-3.6375146629
254	MFAP3	0.387539057571727	0.576034966926234	0.543937104067323	0.526498184757687	-0.380078447929509	0.651301914972256	3.52637109343
255	MGAT1	-0.321168316085993	-0.170926714258354	-0.176617017882111	-0.355365827283738	-0.260660442192293	-0.117187898136114	3.74500162922
256	MGAT4B	-0.494002736818591	-0.203439629904334	-0.135707260340011	-0.404147570502012	0.0598715381989472	0.0752380172783553	3.4670427385
257	MIR1229	-0.196391566719789	-0.220480414840753	-0.244109783765296	-0.304565547838708	0.0993528194512037	-0.33901348243299	3.04240556626
258	MIR1271	0.102824052474674	0.314283854274187	0.383478574370457	0.0123081840029866	0.956121816662968	-0.0303592674985073	3.04240556626
259	MIR340	-0.13606226039782	-0.486705591581184	-0.469243301320607	-0.352477656753852	0.446762630649698	-0.502738316917239	3.04240556626
260	MIR378E	-0.144063489026116	-0.243500548216322	-0.150426595989586	-0.233886566864227	0.237718182530005	-0.278595749924598	3.00885300655
261	MIR3912	-0.39758778898413	-0.340571315515384	-0.403774341653847	-0.509015654786329	0.236768580808338	-0.416872707003953	3.02572682512
262	MIR4281	-0.198850632107322	-0.18148965014459	-0.204759262497776	-0.27489974329126	-0.0308987974042876	-0.280823717424399	3.04240556626
263	MIR4634	-0.251731258839214	-0.287856886608925	-0.310638368340395	-0.462669927327583	0.0355832469610451	-0.43978861081435	3.04240556626
264	MIR5003	0.187755467444157	0.115985319047941	0.139407068144525	0.0911219685352933	0.626093990491801	-0.110839204469246	3.05889368905
265	MIR548F1	-0.274631931926124	-0.247969541901412	-0.259219321508658	-0.320894750377252	0.0392369787276951	-0.328928853160458	-3.32192809489
266	MKRN2	0.0757741561844167	-0.167561293272136	-0.0216753581010635	-0.116411330318421	-0.0894476506158381	-0.243800370853911	-4.04321577151
267	MLH1	-0.00280868791062836	-0.0967391668207734	0.019857525055149	-0.157492249583594	-0.0936883887313268	-0.137471092635976	-3.14954339937
268	MRPL22	-0.226143670384487	-0.23523328501331	0.0209639431453078	-0.314100698401532	-0.128189176670195	-0.269623365196206	3.4662994165
269	MUC16	-1.23318246944888	-1.14092127291178	-1.23682701141244	-1.7239153689676	0.646099338905215	-1.55483687941598	-3.33552569829
270	MXD3	-0.960155247198579	-0.762893458466699	-0.940027214213396	-0.977934211692313	1.23666319026788	-0.862061341593937	3.61832109767
271	MYH2	0.655015433212731	0.453548744829259	0.619415349104591	0.238003003790778	0.629075113960693	0.356571992827669	-3.05988205052
272	MYOT	0.157727884347108	0.0075274580426524	0.596263608631194	0.425741880723063	1.3136560458841	-0.149894880035831	3.42892253849
273	MYOZ3	0.0402264483814217	-0.562576687803765	-0.44404611338944	-0.718394766027869	0.223576843198019	-1.47934629883443	3.18250240966
274	N4BP3	0.238579930416005	-0.35809948390874	-0.107647353806651	-0.535404218714085	0.0762447934477827	-0.80556673767836	3.32543688066
275	NDFIP1	-0.0416079929131257	-0.0998056795063454	0.336018506895949	-0.131951201714829	-0.312900203459963	-0.0978002729826741	3.07409816304
276	NDST1	0.3748642284897	0.12876459011115	0.268050094177756	0.217109865521113	-0.245014688390772	0.157038296878206	3.37776156546
277	NDUFA2	-0.690647965374585	-0.746491932292657	-0.33143505122031	-0.977224310677741	-0.128597199281687	-0.504530535960329	3.02496983601
278	NEK4	0.189659264890959	0.110801502980626	0.213980355466895	0.154510818877138	-0.0349557652649289	0.140032992922363	-3.65906066376
279	NEURL1B	0.263793058819284	0.101991934701912	0.182583378966724	0.26687706919831	-0.193793052968248	0.0213900828612311	3.45482236538
280	NGDN	0.544417749514893	-0.0597364031809644	-0.00428492207078072	0.159446427112821	0.137178380687331	-0.148935424700634	-3.12773256538
281	NHP2	-0.308621263064006	-0.144076381309523	0.0226788970934391	-0.35450238491756	-0.21400884986143	-0.0955841567005391	3.52708410761
282	NICN1	0.101285646720192	-0.209484934710007	-0.0223765653749614	-0.106860797861394	0.430988309084715	-0.305634691811264	-3.74457253391
283	NIPAL4	-1.53876484728945	-1.97898465981893	-2.73255249861318	-2.97474017524831	0.309866426883234	-1.41059875070944	3.10594489854
284	NME5	-0.674664069682314	-0.0019712175360366	0.194052369122074	-0.252555343369463	-0.236904103815353	0.324433201989439	3.75439435738
285	NOP16	-0.393098800380534	-0.344817609749911	-0.321715800607437	-0.485413945387386	0.0693948099465141	-0.414420337084404	3.58472622321
286	NPY6R	0.0547276738165242	0.338877490135475	1.08521049667885	0.340287364123329	-0.194656594405313	0.847645738488805	3.37766274057
287	NR2C2	0.0822516559260875	0.0971610089602692	0.113721102477828	0.0462810270147938	0.322978079549262	-0.0565594270551729	-3.08709058088
288	NR3C1	0.09740093134964	0.284717036569512	0.263496503167607	0.269104798842809	-0.366427377492812	0.388841071815775	3.82328233971
289	NRG2	0.680690587223757	-0.649405632318866	0.574012694758109	0.0316280939470533	0.440949616652648	-1.23558829098602	3.04153252839
290	NSD1	0.0374896769455769	0.205596787957278	0.21581499836621	0.151516697978906	-0.0653508673912919	0.236997132141239	3.62932009662
291	NUDCD2	0.0994059184860886	0.0730809345530296	0.185953664935361	0.0547179116369605	-0.119867936574954	0.148910786671158	3.3781567973
292	OR2Y1	0.0764658601613363	-0.462193169811082	-0.325198996408729	-0.347225712721346	0.403638436623547	-0.382866901390583	3.18340727526
293	OR52J3	-0.204859089642859	-0.19562346985853	-0.325886728165834	-0.358972105292691	-0.0375357925683093	-0.224088083937626	-3.28741856446
294	OXNAD1	-0.0449069263232579	-0.550822192995847	-0.0115374515972033	-0.530390471905921	0.120355007144096	-0.592875831365506	-3.17978440266
295	PAIP2	0.083950187742277	0.272408044777205	0.337623509024218	0.162080579675722	-0.287426346554111	0.359037026199836	3.68623039932
296	PAM	-0.0692738482907727	0.216448518804305	0.206327932551522	0.0513428807560907	-0.372229531466516	0.340225960936695	3.0685192178
297	PANK3	0.203289832678527	0.302481588427511	0.434026241286851	0.268753512568612	-0.19749232784823	0.330725761911148	3.37825558835
298	PBRM1	0.229686988742003	0.155959408422087	0.149458747255336	0.135936621677098	-0.0921602289267906	0.0652021175744347	-9.05908242643
299	PCBD2	-0.00126384996627153	0.0916892424376398	0.466442472183994	0.0182020597526497	0.249703596011528	0.180937804563985	3.40352028888
300	PCDH12	0.79895572817428	0.248000912593254	0.272316912133899	0.564886718397167	-0.269441552151032	-0.00270438318085129	3.24114716115
301	PCDHA10	0.365653306925597	0.179533069992477	0.0846610636693318	0.223294063192645	0.142402169655698	-0.0339420915812708	3.37795919491
302	PCDHA11	-0.0112506924257823	0.00669494237504573	0.277103480364753	0.501925868586367	-0.095750156184617	0.202678503447382	3.4417415145
303	PCDHA12	0.202096178595658	-0.238743556745131	0.393203669142094	0.50015874192619	0.0777211420913302	0.312070741026303	3.10606420349
304	PCDHA13	0.283963843538139	-0.414207141551885	0.066060026124158	0.498674184901319	-0.109382968995147	0.0947608090697173	3.16771823841
305	PCDHA3	0.450065235028927	-0.0180046702474338	0.399136141752089	0.378088064999469	-0.0603219399570081	0.18258815496996	3.50282296905
306	PCDHA4	0.173967319610892	0.0352864038562416	0.462322954024452	0.533874782504419	-0.480596156366423	0.253503240456628	3.33829084599
307	PCDHA5	0.0986101762861752	-0.125202868466772	-0.250913486706929	0.164937725831431	-0.0244822763187042	-0.130584778902762	3.31122606515
308	PCDHA6	0.683753973627486	0.111903588283937	-0.274809178640726	0.602474205909172	0.057299357781769	-0.169521380246453	3.24125579373
309	PCDHA7	0.239617058599466	-0.400527105427305	-0.40466968601149	-0.0118298297849657	-0.0334877275546352	-0.612892394976759	3.18272867928
310	PCDHA8	-0.167647676730059	-0.129114876917818	-0.231301770187604	0.20881553816967	-0.130193635850981	-0.0848709036689443	3.4417415145
311	PCDHAC2	0.651377482333463	0.437093085221909	0.425650061430107	0.539291364340343	-0.319423156592299	0.357037910518339	3.16771823841
312	PCDHB10	0.182942919560316	0.0630141943682559	0.238972859327052	0.308185174687509	-0.285640157323475	0.201942089427512	3.67185160195
313	PCDHB11	0.172709376530454	0.398613158434017	0.565218829760026	0.553527820609849	-0.371397324348869	0.711542684905269	3.45407271869
314	PCDHB12	0.235451823751797	0.276922535212311	0.320462710895259	0.453884423997716	-0.339970728901608	0.317468843334316	3.68245143509
315	PCDHB14	0.12615560757791	0.0474186705718873	0.194226795834041	0.255317892011715	-0.132512907741608	0.279104068641379	3.62865587237
316	PCDHB15	0.115075639674896	0.174841104123764	0.0747359927870046	0.354965762726088	0.106356868427926	0.240061421944442	3.4037144213
317	PCDHB16	0.0387794146225301	0.24231945459913	0.291376713159629	0.190570655784229	-0.473682031126609	0.180343503900917	3.67185160195
318	PCDHB3	0.311038371863853	0.293218148489153	0.404509818987549	0.456100555086008	-0.26800028838014	0.545674811060541	3.70342028533
319	PCDHB4	0.526022263934061	0.22887736847728	0.600981500789322	0.249049897640168	-0.344648923377634	0.0935217417885328	3.42911328286
320	PCDHB5	0.163070599422135	0.114382574632924	-0.119643267629628	0.39121507017142	-0.398194699699216	0.0572264877537536	3.39084531681
321	PCDHB6	0.126748953520399	0.208995599626807	0.278091994883893	0.393423987237939	-0.432719618701061	0.396007010923167	3.65041539653
322	PCDHB7	0.153919165395635	-0.0569308620171839	-0.00808467085642073	-0.0847682985436597	-0.127168196397349	0.0422460810096301	3.47860767554
323	PCDHB8	-0.0880349824558189	0.127861510083816	-0.0230477368078293	-0.151898200552319	-0.490948420438168	0.349710769298073	3.37786038357
324	PCDHGA10	0.387375793254342	0.352578393339547	0.263721453320268	0.317215083233692	-0.815066426985163	0.281286201244748	3.31112257567
325	PCDHGA11	0.846880330249134	0.260235815424569	0.506858953270364	0.268068447620359	-0.494232652241729	0.374730019511481	3.1974725803
326	PCDHGA12	0.0586170451233885	0.0216197048372162	0.0273866214326684	-0.0208525360148467	-0.233043964081712	0.101272201184279	3.12160846295
327	PCDHGA2	0.544534244581301	0.278151203423269	0.240877420604625	0.253754290729914	-0.219229314866032	0.232967150339796	3.13710379054
328	PCDHGA3	0.851217778037597	0.159745670619923	0.722140521648284	0.663849027549883	0.0631468213146021	0.397007658016056	3.32471940239
329	PCDHGA4	0.325067557252756	0.73087903174889	0.42982712087673	0.240530997750375	-0.540615086388137	-0.0702846265209039	3.31112257567
330	PCDHGA6	-0.0692926822794939	0.254729339050213	0.0240040465995995	0.263810192079701	0.366420079815627	0.0611812826739735	3.16760392478
331	PCDHGA7	0.856452376092458	0.239553942014161	0.150124607932144	0.870658600468071	-0.0888132094561169	0.142651371262892	3.33818927994
332	PCDHGA9	0.22168616887157	0.465539751320917	0.583135176126296	0.632325881485178	-0.0995247873403241	1.02482071498729	3.42911328286
333	PCDHGB1	1.17495127683071	0.606989442399864	0.375534184473947	0.663760748528853	-0.0276698020228353	0.730727323909925	3.4164697452
334	PCDHGB2	0.986051419611423	0.614067956853542	0.748610725063237	0.428938457870127	-0.372774753994503	1.07115889905703	3.4164697452
335	PCDHGB4	1.18970159804847	0.254374242751682	0.288105999844012	0.470180128209587	-0.0903245972970105	0.341257421158758	3.226735376
336	PCDHGB6	0.516920494540291	0.20389165147575	-0.133240934730939	0.415455759284808	-0.717997803294705	0.400969789151206	3.33818927994
337	PCDHGB7	0.283982938037781	0.802461469853165	0.805514570331053	0.77427279018713	-0.526319417845475	1.08211069294822	3.5613360213
338	PCDHGB8P	-0.341181653662215	-0.209865236791985	-0.204476965440801	-0.34527675236436	0.723507075945395	-0.271347866513348	3.52646023947
339	PCDHGC3	0.139210070082512	0.354388860786228	0.374085435731814	0.34326876403763	-0.456727037723574	0.795128381222205	3.5613360213
340	PCDHGC4	-0.242801064100315	0.0512603073712246	0.0528195485236176	-0.198654431378913	0.350579592165366	0.0534135098692982	3.59538857583
341	PCDHGC5	-0.45906566780827	-0.145447728117865	-0.346537809117622	-0.514555057078697	0.426744707795976	-0.283845773971854	3.4663923527
342	PCYOX1L	-0.177300594341753	-0.217111546118952	-0.17237819245433	-0.278354338739388	0.1788517047321	-0.392119671635674	3.19736060024
343	PDHB	-0.0210381329386185	-0.313991487256414	0.00698024307262533	-0.238208131668134	-0.221368125480921	-0.361961011523928	-3.150284062
344	PDLIM4	-0.0194664945414622	-0.542173369094969	-0.393896165301489	-0.156861166290386	0.199280560103538	-1.31393626353583	3.21184561189
345	PDLIM7	-0.429028864558155	-0.703387813580453	-0.887060054076594	-0.835641920763208	0.331438515969259	-0.968830010020215	3.36555502729
346	PDS5A	-0.027254534246109	0.17350728700664	0.108616581617664	0.0826238669644681	-0.171145762455802	0.210813956388164	-3.00446006963
347	PFDN1	-0.21304232415022	-0.158007001527473	-0.0337034782753864	-0.217538147929573	-0.296942193578723	-0.162745772901362	3.68245143509
348	PFN3	-0.471333763070982	-0.555603572188796	-0.644834137337354	0.709782010764877	0.598833430317693	0.289019710178322	3.15335837306
349	PGGT1B	0.00428123492239612	0.176975938060166	0.335420491978233	0.107036275118467	-0.181254649237102	0.247397872636745	3.22464904875
350	PHAX	0.152402117146455	0.181974206238804	0.399912975088523	0.210114406413115	-0.202993708309344	0.250968626398173	3.61681471603
351	PHYKPL	-0.186697718651061	0.0131783844040351	-0.0184075881890286	-0.0686639097959875	0.73071695747662	-0.0718549121345727	4.11729423333
352	PITX1	-2.30363462043344	-1.07340138903626	-1.20906356709705	-2.58491247678018	0.522989809831689	-0.602744203625785	3.18238926155
353	PJA2	0.24539415521269	0.423829228634003	0.620517642386653	0.374472993683227	-0.315654331709651	0.495190615532655	3.29415378376
354	PKD2L2	-0.229241198778341	-0.513384045225853	-0.286428929835305	-0.596443539176968	1.17310313734521	-0.8418759618483	3.00795942025
355	PLAC8L1	-0.380128825225573	-0.592861293096771	-0.496772958150884	-0.327571039610489	1.39089384020842	-0.700034107109047	3.5382678461
356	POU4F3	0.211218894021475	-0.308876296865129	-0.0164790049891476	-0.0423110124502372	0.354131998142921	-0.326684722149617	3.15254997878
357	PPARGC1B	-0.031060035661688	0.119616095511782	0.100633371163183	0.00986862469249132	0.257237768964344	0.168073486002499	3.07409816304
358	PPIC	-0.537673193546789	-0.576265689976169	-0.454963184236699	-0.745208652027716	-0.351776020975133	-0.523718782720053	3.18159697617
359	PPP2R2B	0.0242665260580096	-0.328428748660479	-0.557696224055314	-0.136443405208745	-0.0343553930494155	-0.100346296001225	3.13733729302
360	PRDM6	-0.913068756193307	-0.594432977833675	-0.634565410247137	-0.920600778675008	0.187146195535921	-0.680700652616141	3.33727486353
361	PRELID1	-0.672097807848361	-0.232402613948502	-0.200933890752429	-0.613496222510109	-0.269866190843495	-0.0713795867353151	3.78497096708
362	PRELID2	0.0299715739391731	0.295696764140659	0.410571997315913	0.181406981188449	-0.0796361750507675	0.343511398050038	3.7344673135
363	PRKCD	-0.0940778933469546	-0.642258046611813	0.00475319739627718	-0.634999685941946	0.295353475659996	-0.962908654342924	-3.28315852472
364	PROB1	0.228633822752389	-0.168441702342599	-0.109991210062695	-0.0210486388034827	-0.0328793452648959	-0.226273299276484	3.18250240966
365	PROP1	0.126351644443754	-0.762170945829072	-0.837619146247593	-0.526752347198322	3.2103834027985	-1.29228044806563	3.09095354372
366	PRR16	0.173941119824592	-0.150126108239527	-0.47029383981112	-0.433152604736513	0.141205467080846	-0.565519810058079	3.2398429317
367	PRR7	-0.878541652795525	-0.765666242188046	-0.683262150306854	-1.01310843259772	0.069159037791371	-0.593897666740215	3.36555502729
368	PRRC1	0.0305377764231633	0.223070024468816	0.350324611118291	0.128630936273824	-0.272364737307934	0.294358552732611	3.21140208102
369	PSD2	-0.571755323465467	-0.334665439982316	-0.259261644064499	-0.138579477438072	0.840718812829534	-0.532654530705252	3.60656312679
370	PTEN	0.203430950146157	0.147442903810614	0.17501516738924	0.264937972743082	-0.257623416770249	0.0921211693026304	-4.61291764072
371	PTPRK	0.311087773694313	0.425246928388975	0.358499356635508	0.57259335077276	-0.261538420692987	0.505541239490493	-4.09981219672
372	PTTG1	-1.04939158826248	-0.732636259484077	-1.0513696332422	-1.41061245122501	-0.0942073086426525	-0.964637550155388	3.2123998338
373	PURA	0.307294425892619	0.37588604743706	0.652391763346215	0.527531384465348	-0.191469584532796	0.499649693542914	3.68245143509
374	PWWP2A	-0.0965717043697	0.141203643235137	0.262523610043194	0.0605477975048605	0.04462827900443	0.111018957692161	4.14792187298
375	QRICH1	0.11560400198868	-0.045539964180553	-0.0122219611050756	-0.0124816591472597	0.0933168602830024	-0.173198095228696	-3.48843414781
376	QSER1	0.183423716489252	0.348465859522535	0.313295258490404	0.277753733099106	-0.174766488333236	0.315755862462011	-3.07218872326
377	RAB5A	0.128919902256345	-0.105346185127022	0.0266921888126449	-0.0222283552390017	-0.183637987663794	-0.197712521622512	-3.13429880902
378	RAD50	-0.0201538380813827	0.382737379961495	0.595342617973047	0.254780906099166	-0.0818453026618872	0.491958002532816	3.74423529804
379	RAD54L2	0.114009258863082	-0.138983012885025	0.102787270236934	-0.0490139499434441	0.22476868881201	-0.306876257143428	-3.3648971136
380	RANBP17	-0.386199165561152	-0.338527589113311	-0.681007914231611	-0.643014748529737	0.0941997593905525	-0.43882885879922	3.67241567409
381	RAPGEF6	0.0303275166466583	0.0707452572085751	0.200689487355738	0.0414166694503998	-0.0196858148833514	-0.0200305890683649	3.5609879226
382	RARS	0.0128088397979467	0.163149440993724	0.19104407717264	0.00433019946326974	-0.192700595896284	0.109373143445225	4.43178105942
383	RASGEF1C	-1.38191002023145	-0.547459965742315	-1.20385131345184	-0.65843621345674	-0.344724477544462	-0.170187023713556	3.67241567409
384	RBM22	0.126062243629973	0.105268754987528	0.236405429312843	0.103822589737389	-0.0714121115836249	0.0312834686698636	3.98602151525
385	REEP2	-1.55653834204138	-1.31835099990611	-1.39095460005545	-1.8864959167157	0.13557760469697	-1.91969398378269	3.08998877228
386	RELL2	-0.595576264477599	-0.552688135273389	-0.456466631643125	-0.702972383011112	0.798092932451154	-0.563110750747359	3.226735376
387	RGS14	-0.601205808393578	-0.206855981049928	-0.0794004843543536	-0.262305792856172	0.0754364108606397	0.12581074456841	3.6618227363
388	RMND5B	-0.166033602829568	-0.198753730199796	0.145546436699461	-0.211887297154892	0.0338317122982038	-0.11858274630168	3.16840392998
389	RNF130	-0.154989077950325	-0.0434472008194314	-0.0258615118659015	-0.117335995711813	-0.279063253320752	0.0394204532393585	3.67241567409
390	RNF14	-0.169092712119695	0.0517175489886243	0.389223389164653	-0.0481557536780947	-0.315102783148447	0.228339974774639	3.1974725803
391	RNF145	-0.0785780629540161	0.238741286402752	0.0907417296827725	-0.049447324490995	-0.277681812703287	0.160110046769953	3.52663851504
392	RNF44	-0.271847972020516	-0.0556623075135795	-0.0148452009201486	-0.17990884020887	0.318371963560073	-0.0296992547387241	3.79470012548
393	RPL26L1	-0.348538957329631	-0.338867334218994	-0.176192953988222	-0.552935784277037	-0.238280934963542	-0.320599199279293	3.44230861161
394	RPS14	-0.0852194833842552	-0.270793217410965	0.00198464094847074	-0.259175591853568	-0.29615123897819	-0.406145657528505	3.07397618501
395	RUFY1	-0.17468991963516	-0.017985070009431	0.0223875465070108	-0.0560452187194031	-0.0342636606925551	0.0437710957400851	4.13283571837
396	RYR3	0.102662008592273	-0.578082962966261	-0.296708735594671	-0.360717477655439	1.07039343420768	-0.832085507624084	-3.33552569829
397	SAP30L	0.266409837336985	0.30996785788626	0.453007760358329	0.439016324597499	-0.130861529490127	0.383630055975282	3.77450035058
398	SAR1B	-0.103605742525019	0.00983773936708379	0.290764291411652	-0.103970826612146	-0.230668152696789	0.23275133681796	3.22640615642
399	SCGB3A1	0.415617603924119	-0.289709271791197	-0.151007193488354	0.195488644929912	-0.0638825054117478	-0.870591373729307	3.31184684616
400	SCN11A	-0.244088183863651	-0.300620831774999	-0.317850948018249	-0.234283000037039	0.0916395211643717	-0.220238541185084	-3.36499681678
401	SCN5A	-0.0204846051595978	-0.250298009927963	-0.473704231785745	-0.0504585329493517	0.06149939454401	-1.13597177548805	-3.35167543828
402	SEC22C	0.152393845611313	-0.0946496896719595	0.145630320429056	-0.0555236532909402	-0.133559637261832	-0.248332090576848	-3.39108032809
403	SEMA6A	-0.149157290973082	0.290585966782677	0.398871060748016	0.270735250935538	0.0780244512187933	0.523334974382611	3.45266608036
404	SEPT8	0.0699669741418769	0.0453148891682007	0.165400947491381	0.0861861938116595	-0.0324465157194995	0.133758820022532	3.86088542634
405	SERPINB13	-0.233506627087969	-0.782648431539624	-1.62226070859105	-0.505516604347401	1.63320981294658	-1.30949434240936	-3.3754670831
406	SETD2	0.133068094428249	0.0248746317207869	0.109008765035655	0.0954289915791672	0.111459563923838	-0.0371115371321872	-7.62888527187
407	SFXN1	-0.0498474319356799	0.271093048664307	0.293374248717207	0.114875531068362	-0.0607487757650733	0.436869950283159	3.67241567409
408	SGCD	-0.192538953006209	-0.533867645510437	-0.69649571733113	-0.68972598147528	-0.0272896900072013	-0.619349529254624	3.10594489854
409	SH3PXD2B	0.247789237321693	-0.212257886433349	-0.425165835155501	0.0580992998134022	-0.195998856528676	-0.0141098317367241	3.16828967068
410	SH3RF2	-0.316233148766106	-0.153937600950507	0.0381265977565413	-0.592653597904352	-0.236903483996167	0.0243358200680176	3.25552396618
411	SHROOM1	-0.272602686286874	-0.249931178401359	-0.0454069006418955	-0.173584448837845	0.489840159092372	-0.318602179684299	3.63941180653
412	SIL1	-0.472133088034005	-0.50897463728963	-0.28958580110375	-0.717601329403309	-0.183583065126477	-0.417407216185973	3.65033359023
413	SIMC1	-0.498527671268051	-0.251292226496441	-0.195011488442852	-0.479200052904459	-0.132530041502444	-0.364699303597531	3.47925257898
414	SLC11A2	-0.0617630928640915	-0.0279529686055034	-0.0628285641158094	-0.0874361430287023	0.131323435347655	-0.00114516251003293	-4.64565843241
415	SLC22A4	0.147907187704012	0.388448905254249	0.784069751640592	0.475773959033119	-0.000898023952347427	0.853184661768794	3.66092970313
416	SLC22A5	-0.237644815467892	0.0502359737158607	0.317416505600795	-0.0610384597757997	0.200989350726904	0.555345571866072	3.77427514647
417	SLC23A1	-0.522018964498389	-0.272090620436236	0.383205652225761	-0.692395865991367	-0.361217120197586	0.864280454122174	3.65033359023
418	SLC25A2	-0.641531281057614	-0.918305872508628	-0.793670842557848	-0.907414204127188	1.16021629570361	-1.3392805961367	3.49072043881
419	SLC25A48	0.54964435911934	0.346512165737259	1.2764711432246	1.07018868226621	0.0909740545767576	1.33481995650289	3.35133327409
420	SLC26A2	0.218072241140967	-0.0227335417808655	0.179945416359602	0.0546228564663753	-0.329558996830135	0.0244888346822553	3.42911328286
421	SLC27A6	-0.701397352254559	-0.790116360722769	-0.460162604938582	-0.717507944915803	-0.441161656335942	-0.92659199811946	3.07348816977
422	SLC34A1	1.4141330807392	0.923956747503192	0.999061817908406	1.38012819869634	0.0825035714334136	1.30440320638962	3.35233940778
423	SLC35A4	-0.206572930468591	-0.0954681351078434	0.0569793552403375	-0.158857130460499	-0.142250634835407	0.0399027550427484	4.08527625026
424	SLC36A2	0.179648918159059	-1.28550286052128	0.471664180256095	-0.511196453751526	-0.0298652587801519	0.657375686296939	3.07409816304
425	SLC36A3	-0.0771327915629823	-0.409368754433678	0.0558768560320153	-0.00731910714683759	0.846826837735631	0.125152150998142	3.04153252839
426	SLC4A9	1.14502640108158	-1.18597287106981	1.13097862224103	-1.99800541521881	1.57713749080395	-2.39212551230882	3.04153252839
427	SLC6A6	-0.271320925627664	-0.0793414675377101	-0.174690156172764	-0.424283221073979	-0.0693571808352812	-0.00971325832964556	-3.1913608586
428	SLC6A7	-0.656096816425331	-0.706171646521586	-0.944266599870207	-1.16439872414884	1.15625264650351	-1.31783013709076	3.31112257567
429	SLIT3	0.348875500889984	0.033840012892562	-0.0987635459342606	0.130454735393544	-0.243393358867421	-0.261355779182401	3.31163994883
430	SLU7	0.0465662953030014	0.239424901437694	0.320297716933555	0.116454954770673	-0.225421542257	0.237036420232923	4.41271285017
431	SMAD5	0.197193291752923	0.273293637336772	0.488273275785574	0.289249445835601	-0.191056239976695	0.343188055413028	3.89774001783
432	SMARCC1	0.0609661320740158	0.0978503634337176	0.0940931971382128	0.000557826363080234	-0.175135372964685	-0.00665505945131806	-3.28100433401
433	SMIM23	-1.60084094355046	-1.17261056637172	-1.37452861947666	-1.38503074385516	1.85512641689625	-1.27575782089364	3.00885300655
434	SMIM3	-0.447514014505024	-0.425913718854902	-0.3052651433645	-0.30300029120543	-0.404493087327632	-0.391121249595208	3.4906290567
435	SNCB	0.698371821014141	-1.88524191939491	-2.24310409150029	-0.522184072018971	-1.31224087314572	-0.843469261856935	3.12243437712
436	SNORA74B	-0.575835368796434	-0.396533680089296	-0.510954542628083	-1.33196076355097	0.929206214338612	-0.825224085363426	3.07495172054
437	SNX24	-0.24790058342586	-0.153722632922781	0.198874252181429	-0.258725560474095	-0.104812362395976	-0.189917997357172	3.08902335524
438	SOWAHA	-0.0527759478949317	-0.427765053515919	0.77987068335892	-0.222193696893543	-0.577780451289885	0.210376206786478	3.25520125171
439	SOX30	0.248231087131106	-0.112380769672882	-0.482104594611657	-0.271776209851107	-0.02787695450639	-0.361444605740677	3.1974725803
440	SPARC	0.29410599352866	0.0210557998570425	-0.133584680075895	0.00536469525587115	-0.440553816039971	-0.228353910494212	3.21206732621
441	SPATA24	0.0156933423301732	0.0165549848548369	0.256796738038505	-0.0436282783502953	-0.0442840819349559	-0.0475001494578163	3.85159392891
442	SPDL1	-0.111963461652186	-0.0151808662657434	-0.171753628112423	-0.219787259797299	0.102665052155931	-0.133744976126828	3.27007839016
443	SPINK1	-0.0789575833517105	-1.8979349846631	-0.183986796872547	-1.91601089303086	0.283020930526686	-2.5736423404752	3.05790723087
444	SPINK13	-0.618306422682155	-0.827938878842929	-0.298857251433661	-0.641449478783561	-0.389676228467922	-0.453659167774407	3.62857282283
445	SPINK5	0.407899375922093	0.0432758308031956	0.383307714014839	0.0326075731877988	0.825738803668806	-0.385501665917817	3.15243445689
446	SPINK6	-0.171945085474438	-0.575766395824433	-0.283200297676045	-0.435253016236749	0.237178385457626	-1.11477653137598	3.21206732621
447	SPINK7	-0.26882498227929	-1.98437103618372	-0.0992941220079959	-1.6456687698449	0.997906890304641	-2.45429713313929	3.00808710933
448	SPINK9	0.349761324305292	0.0968897280233223	0.368826286510756	0.402121359007019	0.418879096229253	-0.273857776171733	3.35143391904
449	SPOCK1	-0.828265181571178	-0.485300224220734	-0.333188547027161	-0.738196978585821	-0.900364890539401	-0.178387144369226	3.46611352615
450	SPRY4	0.536209051460417	0.198307991379163	0.259771696156793	0.372677133782707	-0.0818325394720752	0.00553336740423084	3.25541640271
451	SQSTM1	-0.320095019303011	-0.208824774360832	-0.0338480819131819	-0.367764654757141	-0.236684165369225	0.132137389343811	3.45472868085
452	SRA1	-0.570674995430347	-0.606025210861253	-0.359088809774345	-0.772968583413401	-0.0393126175066571	-0.503785735778273	3.32471940239
453	SRFBP1	0.114504829527942	0.255717905828658	0.432171561411582	0.255674697534695	-0.219890880146215	0.383670481884013	3.05654974859
454	SRGAP3	-0.0814973060868369	-0.309716288131284	-0.20514484092179	-0.239957616626841	0.258691625918567	-0.651156842370728	-6.49669112081
455	SRP19	-0.295322595961629	-0.346316526975195	-0.202302346793918	-0.422347616003132	0.00826937165389839	-0.324664281412086	3.17978440266
456	SSPO	-0.484632169482537	-0.534506997333937	-0.707518468189832	-0.585674736701252	1.73897602477731	-0.834946335263642	-3.07940056919
457	STAB2	-0.789493003076732	-0.621335371264684	-0.798044745153566	-0.78229838680831	1.02050357334135	-0.812119692245579	-3.32192809489
458	STAG1	0.35226497555847	0.481787737768445	0.399223818184541	0.544642418740219	-0.184514233423731	0.522818819000985	-3.17242198142
459	STC2	0.209220442889062	0.206262246581835	0.0444995503205792	0.0818289097172172	-0.130713948066987	-0.10803554753907	3.42987600825
460	STK10	0.0515650295415299	0.0790324751043533	-0.0685051780689922	-0.0394763019508607	-0.0834549734441478	0.034627843219615	3.284065701
461	STK32A	-0.408306789242967	-0.818096359758638	0.697691152797001	-0.993050498507142	0.643630468212263	-1.20199052983676	3.07422013074
462	SYNE2	0.553898961912236	0.221973875863905	0.332846193657867	0.407525997000924	0.0833591035207331	0.389867368258492	-3.48703940079
463	SYNPO	-0.121975759681131	-0.0382681249553039	0.0252188861721731	-0.188545868093701	-0.275833005835502	-0.137724639276736	3.65033359023
464	TAF7	0.106223714715792	0.0449409301929401	0.203089213003276	0.0657854533230095	-0.105015311318717	0.197653244231719	3.54980418411
465	TBC1D5	0.0843868242051506	0.143950757832723	0.2535847256354	0.149333995131757	-0.167828754660224	0.171477901941474	-3.49103109469
466	TBC1D9B	-0.129187288976523	0.155895744085721	0.102402397901819	0.00233203631451819	-0.0643019253251758	0.250082377748019	3.67371059376
467	TCF7	-0.366674650077972	-0.66847698175139	-0.893445827618041	-0.979040677597247	0.0717601811121625	-0.913571601078099	3.10570625905
468	TCOF1	-0.49195388240751	-0.41672261491296	-0.371529711414976	-0.570284174205286	0.145235555100822	-0.45406791378003	3.33808770673
469	TET2	0.300814050667636	0.219422212920317	0.265753410489861	0.321697282723789	0.255131783924297	0.107038794343559	-3.12409300233
470	TEX43	-0.0791341835513726	-0.54199919134831	-0.461015860770715	0.0462936330809857	1.04728443915184	-0.589031912057738	3.12042776476
471	TGFBI	-0.785001979080179	-0.526031732958559	-0.652216068895982	-1.01758347613595	-0.814826972383322	-0.481237832991205	3.59521859703
472	THG1L	0.106592364792416	0.142884493920771	0.126689521689493	0.125530212460083	-0.211956917293857	0.0421945987278216	4.00309884188
473	THOC3	-0.183044520600991	-0.146456092316928	-0.081538600904222	-0.267740699425638	-0.135856465330148	-0.251586220382668	3.60715330681
474	TICAM2	-0.169504006038886	0.131169672679299	0.0640790508099019	-0.207590109395561	-0.00348719913175897	0.193768551967432	3.26773393027
475	TIFAB	-0.506434266913893	0.0964099202835265	-0.232746582555783	-0.311168364929833	0.23038308738856	0.13863770130776	3.26933283883
476	TIGD6	-0.135896205702516	-0.0598494179991581	0.111274644486307	-0.1848105943787	-0.139046926536615	0.00601344221878251	3.4164697452
477	TIMD4	-0.439475773206212	-0.405258613186149	0.426775000167245	-0.652204303462398	0.759045748295617	-0.582299709538957	3.02496983601
478	TLX3	0.421365260248118	-1.16994370347813	-0.487955263845981	-1.2944043717837	1.37375094674244	-1.38392526979569	3.40429666185
479	TMCO6	-0.0441462127956633	-0.0660486761390071	-0.0892854517206682	-0.0158925631525759	0.478067763040615	-0.211389202087992	3.4037144213
480	TMEM173	-0.152905775882966	-0.163056514573022	-0.244118404493066	-0.218719383617716	-0.145059706270678	-0.385519300060669	3.39074738415
481	TMEM232	-0.0198105655791319	0.388440663840554	0.709763519096439	0.473210969486756	-0.0430205956058971	0.594150315733989	3.00450753628
482	TMEM248	-0.206446743585771	-0.115149947241158	-0.0903870906460416	-0.199082908917833	-0.210028528328424	-0.0501122688702299	3.1885992674
483	TNIP1	0.00631745246875562	0.103864649571445	0.235727333102152	0.188120271142658	-0.13357836034238	0.330963876319899	4.22228456032
484	TP53	-0.054779912663235	-0.148721010693071	-0.142234302823432	-0.16687520689175	-0.130186561803794	-0.159433320595351	-3.85241210629
485	TP53BP1	0.0432998363962945	0.142714489816556	0.181074252320321	0.146097175110086	0.0983362146033107	0.136194783475557	-3.96019861482
486	TRIM41	-0.216840625163187	-0.211589528778055	-0.0297618411824586	-0.245049038108924	0.555781311218734	-0.173379861622752	3.57260374786
487	TRIM52	-0.0833694393101673	-0.0569817258245189	0.0490290325786634	-0.0142390676019905	0.951223666843541	-0.184510197213109	3.62848976851
488	TRIM7	0.492057315620554	-0.0705890822503484	0.740178790785987	0.342630237518558	0.655086844243352	-0.0627811159754776	3.02471741802
489	TSPAN17	-0.506232051584368	-0.294020403933537	-0.257120658712691	-0.555340130989993	-0.131438546507507	-0.135291264559995	3.37855192091
490	TTC1	-0.15102486890244	-0.0822625547838902	0.166467646160837	-0.220773010326054	-0.258383410918576	-0.0840382875600079	3.67201278793
491	TTN	-0.105053053914317	0.13619257495354	-0.15041984757861	-0.149368146246779	1.03486716286588	-0.123387139712182	-4.0771014531
492	TUBB	-0.136225888964419	-0.0480072343250706	-0.263270028076185	-0.19135553153785	-0.241188589912799	-0.155472772465848	-3.78659636189
493	TXNDC15	0.0118376366719918	0.0632420300162684	0.210716638602588	0.0895593400099051	-0.177881488042619	0.147400971298891	3.65025177929
494	UBE2B	-0.00332925583630206	0.0672442275708045	0.294988447401471	-0.0156299196121177	-0.185349559624051	-0.0222276555506636	3.39064944484
495	UBE2D2	-0.098652408188027	-0.00571812944035864	0.0988470938568499	-0.0789097101575887	-0.122296333945371	-0.0355873810851494	3.96880522403
496	UBE2D3	0.107882536350473	0.0640315615977019	0.207235819499127	0.0293807626149302	-0.169506171390026	0.0562299541015248	-3.21383052393
497	UBLCP1	0.0107240536732276	-0.00544940086203761	0.149961447555532	-0.0425049875239453	-0.211594904226798	0.022598398491289	3.35173581177
498	UBP1	0.0993060421862042	-0.0909086872716235	-0.0399777264214126	-0.098911006133957	0.089741543621459	-0.19368973828189	-4.01336354256
499	UBR1	0.258434843622752	0.31270589161046	0.406374171091333	0.386002250395941	-0.0860086684070189	0.349893808580666	-3.50035610993
500	UBTD2	0.198449945455224	0.128160786762253	0.134645398301261	0.14249064603002	-0.32660820519221	0.10081659951559	3.68293140017
501	UNC5A	-0.684899759122393	-0.914299039291204	-0.763790090158954	-1.31335109031733	-0.305730709137225	-0.633115394437572	3.27029133407
502	UQCRC1	-0.206296249933407	-0.559875994726073	-0.087665059366729	-0.510170038038603	-0.130791147292494	-0.578294807340772	-3.10307861606
503	USP4	0.0245472016304445	-0.0722710386590283	-0.0708642853868589	-0.165157338702692	-0.00601882386222124	-0.225112300624793	-3.85925841958
504	VDAC1	-0.174264183708008	0.0120318068836025	0.260452093301976	-0.151266948870203	-0.270378916564475	0.116832000452681	3.63941180653
505	VHL	0.125361443576743	-0.054025671522573	0.0131797910455055	-0.0746239925239149	0.335798509719274	-0.0556446605479193	-9.99156236882
506	WDR36	0.00480073858745763	0.140511576370174	0.251781661815756	0.0160463076895971	-0.0834682282692025	0.0860137430452538	3.05432565507
507	WDR55	-0.198667438003022	-0.0207437851865672	0.0470554553811563	-0.175855822157966	0.104443319561899	-0.0454788860698766	4.10904362514
508	XIRP2	0.0372586179200114	-0.620589365854653	-0.425901838816009	-0.515633888556662	0.323282313730319	-0.600498771321504	-3.62436837251
509	YIPF5	0.106499679056639	0.297010221726752	0.33514689530573	0.172867123911846	-0.40562388809787	0.342352561013218	3.84081692994
510	YLPM1	0.565242021293027	0.19960503177062	0.285148588687736	0.365058852789299	0.00933012937712874	0.219200847882167	-3.00174007012
511	ZBED8	0.0336873563268352	0.0865424006651729	0.234570033898287	0.0845474316080674	0.221810609843578	0.0239157970141679	3.7344673135
512	ZCCHC10	-0.00472694363729529	0.0499146251181777	0.246014276139297	0.0288071425409516	-0.175488666874128	0.0748661092576562	3.24103852038
513	ZDHHC1	-0.226494316014048	-0.321143186490912	-0.127347969115594	-0.234975461209815	0.117066292733435	-0.392017118797498	-3.37517011616
514	ZFP2	0.0992932031213605	0.126439940797885	0.218491096141818	0.306850838393443	0.152799437184491	0.0612276311655627	3.6509879108
515	ZFP62	0.0751821259007429	0.109149066167236	0.299274554849094	0.150209827363452	0.288021192874748	0.0357798506572851	3.74500162922
516	ZFYVE9	0.375287854750777	0.392307473632811	0.486111126229181	0.688658257679664	-0.26579711042709	0.540105364033653	-3.42651699616
517	ZMAT2	-0.0117199881744183	0.00602785950764244	0.217601430841216	-0.0954187099030053	-0.207313988320333	0.0665847065300235	3.96018541547
518	ZMYM4	-0.0190777192447449	0.166677137493438	0.0938616841972265	0.0872260033900731	-0.157168156574296	0.120211577055815	-3.86913111964
519	ZNF292	0.184709510981502	0.296967505817347	0.325761343307739	0.372720395264543	0.103302803628947	0.209736581081374	-4.0116068748
520	ZNF300	-0.186603665536043	-0.173383495643	-0.466573850057226	-0.200619028731052	0.726865389300456	-0.525207582913824	3.22662564448
521	ZNF346	0.0989643030205922	0.0552000015835832	0.159668601652615	0.178852439206897	0.112405394797454	0.0482336616177096	4.15589609586
522	ZNF35	0.124113950263578	-0.125356482853987	0.0480516072387342	-0.0707219588985592	-0.119770382758819	-0.260002720104025	-3.08721145517
523	ZNF354A	-0.20699328915932	-0.177407857428528	0.00261108322324478	-0.0485938418751632	0.20539734872018	-0.0967121091538835	3.76508693442
524	ZNF354B	-0.0957050804471672	-0.00656151800620325	-0.0185331287904962	0.102769026287956	0.851198054407949	-0.148986645557893	3.57338057371
525	ZNF354C	0.694351248399024	0.531221452102041	0.349153851503883	0.766326407281607	0.038962381192918	0.431969217083296	3.56194499199
526	ZNF454	0.213825571237978	0.125276876860258	0.100744078859503	0.24112815434201	0.181413131086406	-0.0462134019114295	3.5387982487
527	ZNF474	-0.758551820246388	-0.34638147976581	-0.906621876317302	-1.17375371643347	0.370096585435811	-0.896551829379346	3.10463189258
528	ZNF608	-0.141372263139635	0.130919542714811	-0.0672177338616419	-0.0660688008704797	0.171029289420427	-0.041941315090307	3.41521853357
529	ZNF621	-0.18125034925607	-0.109479416548741	-0.0787678147301603	-0.0998102922887341	0.529968604279441	-0.24493943769712	-3.39098241138
530	ZNF879	0.329533085995854	0.143959479807912	0.269467248826391	0.352363170148118	-0.11762538190867	0.126533838115581	3.25505923447
531	ZSWIM5	0.300982420969548	0.479948038295959	0.622917087060835	0.847110771229678	-0.164202120045001	1.0777749489013	-3.1749419734
